[
  {
    "id": "2a85bad3-c4dd-4559-ab46-1b6000f8bb0c",
    "data": [
      {
        "text": "ขอดูเมนูหน่อยสิ",
        "userDefined": false
      }
    ],
    "isTemplate": false,
    "count": 0,
    "updated": 0
  },
  {
    "id": "07f2b676-ec42-404a-b34d-d60cd55a06f8",
    "data": [
      {
        "text": "เล่นไงอ่ะ",
        "userDefined": false
      }
    ],
    "isTemplate": false,
    "count": 0,
    "updated": 0
  },
  {
    "id": "6c1dc4bb-1c2e-4b61-bfbd-752852bf961e",
    "data": [
      {
        "text": "ทำอะไรได้บ้าง",
        "userDefined": false
      }
    ],
    "isTemplate": false,
    "count": 0,
    "updated": 0
  },
  {
    "id": "4f226ec3-4ba9-4f14-a893-f2d90c8cc49b",
    "data": [
      {
        "text": "มีอะไรบ้าง",
        "userDefined": false
      }
    ],
    "isTemplate": false,
    "count": 0,
    "updated": 0
  },
  {
    "id": "11f49e06-859c-4f38-a402-9c9874acd103",
    "data": [
      {
        "text": "ระบบทำอะไรได้บ้างอ่ะ",
        "userDefined": false
      }
    ],
    "isTemplate": false,
    "count": 0,
    "updated": 0
  }
]